{"cameraMode":{"drawMode":0,"name":"Shaded","section":"Shading Mode"},"sceneLighting":false,"audioPlay":false,"sceneViewState":{"m_AlwaysRefresh":false,"showFog":true,"showSkybox":false,"showFlares":true,"showImageEffects":true,"showParticleSystems":true,"showVisualEffectGraphs":true,"m_FxEnabled":true},"in2DMode":false,"pivot":{"x":-1.7799999713897706,"y":3.4800000190734865,"z":-3.376598358154297},"rotation":{"x":0.23143793642520905,"y":0.5449481010437012,"z":-0.15966227650642396,"w":0.7899274230003357},"size":0.9049965143203735,"orthographic":false}